{"buildDuration": 6.0, "entryTimes": [0.0, 0.07371449579171731, 0.14655070166080442, 0.21851908221371086, 0.28962997737370066, 0.3598936038664153, 0.42932005668774764, 0.4979193105542199, 0.565701221336082, 0.632675527473335, 0.6988518513748857, 0.7642397008010267, 0.8288484702294459, 0.8926874422049608, 0.9557657886731724, 1.0180925722982257, 1.0796767477648705, 1.1405271630650116, 1.200652560768925, 1.2600615792813332, 1.318762754082509, 1.3767645189545967, 1.4340752071933185, 1.4907030528052487, 1.5466561916908137, 1.6019426628132076, 1.656570409353373, 1.710547279851222, 1.7638810293332623, 1.8165793204267848, 1.8686497244607783, 1.9200997225537266, 1.9709367066884418, 2.0211679807740968, 2.070800761695599, 2.119842180350463, 2.168299282673328, 2.216179030648274, 2.2634883033090665, 2.3102338977274903, 2.356422529989906, 2.402060836162177, 2.4471553732430826, 2.4917126201063935, 2.5357389784317053, 2.579240773624189, 2.622224255723387, 2.664695600301167, 2.7066609093489933, 2.7481262121546153, 2.789097466168316, 2.8295805578588356, 2.8695813035591016, 2.9091054503018774, 2.948158676645457, 2.986746593489523, 3.024874744881278, 3.0625486088119827, 3.0997735980039867, 3.1365550606883996, 3.172898281373483, 3.208808481603894, 3.244290820710882, 3.2793503965535433, 3.3139922462512517, 3.348221346907349, 3.3820426163242305, 3.415460913709893, 3.4484810403760786, 3.4811077404280897, 3.5133457014463922, 3.545199555160095, 3.576673878112402, 3.607773192318142, 3.638501965913461, 3.668864613797768, 3.698865498268044, 3.7285089296455842, 3.7577991668952735, 3.786740418237489, 3.8153368417527047, 3.8435925459789, 3.871511590501843, 3.8990979865383424, 3.9263556975125575, 3.953288639625431, 3.9799006824173446, 4.006195649324063, 4.0321773182260685, 4.05784942199133, 4.083215649011622, 4.10827964373245, 4.13304500717665, 4.157515297461769, 4.181694030311266, 4.205584679559625, 4.229190677651457, 4.252515416134646, 4.275562246147624, 4.298334478900843, 4.320835386152501, 4.343068200678613, 4.365036116737464, 4.386742290528551, 4.408189840646033, 4.429381848526794, 4.450321358893165, 4.4710113801903635, 4.4914548850187295, 4.511654810560807, 4.531614059003342, 4.55133549795424, 4.570821960854577, 4.590076247385675, 4.609101123871354, 4.6278993236753685, 4.6464735475941215, 4.664826464244701, 4.682960710448281, 4.7008788916089665, 4.718583582088122, 4.736077325574232, 4.753362635448364, 4.770441995145276, 4.787317858510217, 4.803992650151477, 4.820468765788739, 4.836748572597287, 4.85283440954809, 4.868728587743866, 4.884433390751112, 4.899951074928201, 4.915283869749556, 4.930433978125961, 4.94540357672107, 4.960194816264126, 4.974809821858971, 4.989250693289356, 5.003519505320636, 5.017618307997848, 5.031549126940252, 5.045313963632359, 5.058914795711485, 5.072353577251891, 5.0856322390455295, 5.098752688879442, 5.111716811809862, 5.124526470433052, 5.1371835051528905, 5.149689734445312, 5.162046955119554, 5.1742569425763225, 5.186321451062862, 5.198242213924996, 5.2100209438561675, 5.221659333143495, 5.233159053910921, 5.244521758359445, 5.255749079004503, 5.266842628910511, 5.277804001922625, 5.288634772895733, 5.299336497920716, 5.309910714548018, 5.3203589420085535, 5.330682681431976, 5.340883416062351, 5.350962611471259, 5.3609217157683595, 5.370762159809448, 5.380485357402023, 5.390092705508421, 5.399585584446516, 5.408965358088041, 5.418233374054534, 5.4273909639109545, 5.436439443357001, 5.445380112416129, 5.454214255622347, 5.46294314220475, 5.4715680262698925, 5.480090146981953, 5.488510728740779, 5.496830981357798, 5.505052100229837, 5.513175266510862, 5.521201647281684, 5.529132395717637, 5.536968651254259, 5.544711539750992, 5.552362173652944, 5.559921652150716, 5.567391061338324, 5.574771474369248, 5.582063951610606, 5.589269540795505, 5.596389277173575, 5.603424183659704, 5.610375270980997, 5.617243537822003, 5.6240299709681905, 5.630735545447721, 5.637361224671542, 5.643907960571796, 5.6503766937385915, 5.656768353555137, 5.663083858331273, 5.669324115435407, 5.675490021424874, 5.681582462174753, 5.687602313005142, 5.6935504388069145, 5.699427694165985, 5.705234923486092, 5.710972961110108, 5.71664263143992, 5.722244749054872, 5.727780118828797, 5.733249536045652, 5.738653786513788, 5.743993646678843, 5.749269883735296, 5.754483255736697, 5.759634511704575, 5.764724391736053, 5.7697536271101795, 5.774722940392998, 5.7796330455413525, 5.784484648005473, 5.789278444830321, 5.794015124755743, 5.79869536831542, 5.8033198479346435, 5.807889228026922, 5.812404165089448, 5.816865307797406, 5.821273297097182, 5.825628766298441, 5.829932341165123, 5.834184640005344, 5.8383862737602366, 5.842537846091716, 5.846639953469217, 5.850693185255391, 5.8546981237907785, 5.858655344477477, 5.86256541586181, 5.8664288997160146, 5.87024635111895, 5.874018318535847, 5.877745343897114, 5.881427962676186, 5.885066703966472, 5.888662090557361, 5.8922146390093335, 5.895724859728185, 5.899193257038352, 5.902620329255368, 5.9060065687574586, 5.909352462056293, 5.912658489866867, 5.91592512717658, 5.919152843313473, 5.922342102013661, 5.925493361487959, 5.928607074487711, 5.931683688369843, 5.934723645161135, 5.937727381621726, 5.940695329307867, 5.9436279146339235, 5.94652555893364, 5.949388678520672, 5.952217684748405, 5.9550129840690476, 5.957774978092031, 5.960504063641713, 5.963200632814384, 5.965865073034607, 5.968497767110876, 5.971099093290619, 5.973669425314537, 5.976209132470302, 5.978718579645622, 5.981198127380651, 5.983648131919799, 5.986068945262915, 5.988460915215853, 5.990824385440452, 5.993159695503896, 5.9954671809275215, 5.9977471732350045, 6.0], "pathwayCount": 293}